<annotation>
	<folder>Disc_Cup_Fovea_check</folder>
	<filename>0001.png</filename>
	<path>D:\GAMMA_training data\training_data\Disc_Cup_Fovea_check\0001.png</path>
	<source>
		<database>Unknown</database>
	</source>
	<size>
		<width>1956</width>
		<height>1934</height>
		<depth>3</depth>
	</size>
	<segmented>0</segmented>
	<object>
		<name>Fovea</name>
		<pose>Unspecified</pose>
		<truncated>0</truncated>
		<difficult>0</difficult>
		<bndbox>
			<xmin>631</xmin>
			<ymin>903</ymin>
			<xmax>839</xmax>
			<ymax>1121</ymax>
		</bndbox>
	</object>
</annotation>
