<annotation>
	<folder>Disc_Cup_Fovea_check</folder>
	<filename>0057.png</filename>
	<path>D:\GAMMA_training data\training_data\Disc_Cup_Fovea_check\0057.png</path>
	<source>
		<database>Unknown</database>
	</source>
	<size>
		<width>2992</width>
		<height>2000</height>
		<depth>3</depth>
	</size>
	<segmented>0</segmented>
	<object>
		<name>Fovea</name>
		<pose>Unspecified</pose>
		<truncated>0</truncated>
		<difficult>0</difficult>
		<bndbox>
			<xmin>1370</xmin>
			<ymin>945</ymin>
			<xmax>1570</xmax>
			<ymax>1149</ymax>
		</bndbox>
	</object>
</annotation>
